id,label,site_index,url,domain,is_shortener,had_query_params,query_redacted
benign_site_100,benign,100,https://tkktrading.com/,tkktrading.com,False,False,False
benign_site_101,benign,101,https://www.shopltk.com/explore/meghan_lanahan/posts/edbae59f-099f-11f0-a111-0242ac11000f,www.shopltk.com,False,False,False
benign_site_102,benign,102,https://campaign.rtm.com/realtimesocial/share.aspx?promotionId=10971,campaign.rtm.com,False,True,True
benign_site_103,benign,103,https://kingsumo.com/g/m88vovm/huge-clean-beauty-giveaway-over-1500/g8e86dz,kingsumo.com,False,False,False
benign_site_104,benign,104,https://line.me/R/ti/p/@143qtcom?from=page&searchId=143qtcom,line.me,False,True,False
benign_site_108,benign,108,https://www.celebratelit.com/unexpected-hope-celebration-tour/,www.celebratelit.com,False,False,False
benign_site_111,benign,111,https://careers.wellnow.com/us/en,careers.wellnow.com,False,False,False
benign_site_112,benign,112,https://linktr.ee/orderdesign99,linktr.ee,False,False,False
benign_site_114,benign,114,https://www.zocdoc.com/about/careers-list,www.zocdoc.com,False,False,False
benign_site_117,benign,117,https://www.tunespeak.com/campaign/683073fa8fc4c900011d723c,www.tunespeak.com,False,True,True
benign_site_12,benign,12,https://pausetake9.org/,pausetake9.org,False,False,False
benign_site_120,benign,120,https://access.org/,access.org,False,False,False
benign_site_121,benign,121,https://learnix.us/,learnix.us,False,False,False
benign_site_122,benign,122,https://www.redeemmichigan.com/,www.redeemmichigan.com,False,False,False
benign_site_125,benign,125,https://click.linksynergy.com/deeplink?id=8NJDRfEI9aI&mid=14063,click.linksynergy.com,False,True,True
benign_site_126,benign,126,https://www.jobsatamazon.co.uk/,www.jobsatamazon.co.uk,False,False,False
benign_site_128,benign,128,https://ul.ink/N68H5-WVCS,ul.ink,False,False,False
benign_site_129,benign,129,https://chfn.org/,chfn.org,False,False,False
benign_site_13,benign,13,https://bestwriting.com/,bestwriting.com,False,False,False
benign_site_130,benign,130,https://app.hive.co/shortlink/js-redirect,app.hive.co,False,True,True
benign_site_131,benign,131,https://www.thestudiocollective.online/,www.thestudiocollective.online,False,False,False
benign_site_134,benign,134,https://www.acquisition.com/,www.acquisition.com,False,False,False
benign_site_135,benign,135,https://playlistfm.com/home,playlistfm.com,False,False,False
benign_site_136,benign,136,https://locsbysyd.as.me/schedule/758716fa,locsbysyd.as.me,False,False,False
benign_site_137,benign,137,https://www.findmyclicker.com/,www.findmyclicker.com,False,False,False
benign_site_14,benign,14,https://joyshopbd.blogspot.com/2025/05/2025-acemagic-lx15pro-laptop-review.html,joyshopbd.blogspot.com,False,False,False
benign_site_141,benign,141,https://singingfiles.com/show.php?I=0&u=1864814&id=61312,singingfiles.com,False,True,False
benign_site_142,benign,142,https://biosites.com/,biosites.com,False,False,False
benign_site_143,benign,143,https://choob.cc/,choob.cc,False,False,False
benign_site_145,benign,145,https://sites.google.com/view/richie-games25/home,sites.google.com,False,False,False
benign_site_147,benign,147,https://ursupermart.com/products/replacement-amazon-fire-tv-remote,ursupermart.com,False,False,False
benign_site_148,benign,148,https://www.ttecjobs.com/en,www.ttecjobs.com,False,False,False
benign_site_149,benign,149,https://remotecoworker.com/,remotecoworker.com,False,False,False
benign_site_15,benign,15,https://www.mallofgame.com/,www.mallofgame.com,False,False,False
benign_site_150,benign,150,https://undercurrent.net/,undercurrent.net,False,False,False
benign_site_151,benign,151,https://list.ly/list/Ahrb-download-and-run-opera-gx-browser,list.ly,False,False,False
benign_site_153,benign,153,https://cash.app/help/gb/3122-verify-account,cash.app,False,False,False
benign_site_154,benign,154,https://mrshealthcare75.blogspot.com/2023/07/veniselle-health-product.html,mrshealthcare75.blogspot.com,False,False,False
benign_site_156,benign,156,https://aldridge.com/security-best-practice-confirm-banking-changes/,aldridge.com,False,False,False
benign_site_157,benign,157,https://www.trujacodideliveryexpress.com/,www.trujacodideliveryexpress.com,False,False,False
benign_site_158,benign,158,https://campaign.rtm.com/realtimesocial/share.aspx?promotionId=11011,campaign.rtm.com,False,True,True
benign_site_159,benign,159,https://www.lovemrsmommy.com/2022/08/50-amazon-gift-card-or-50-to-paypal.html,www.lovemrsmommy.com,False,False,False
benign_site_162,benign,162,https://www.greystar.com/terms-of-use,www.greystar.com,False,False,False
benign_site_166,benign,166,https://www.gotnextfoundation.org/,www.gotnextfoundation.org,False,False,False
benign_site_167,benign,167,https://linkfly.to/Flywithshelly,linkfly.to,False,False,False
benign_site_168,benign,168,https://www.southcoast.org/services/urgent-care/,www.southcoast.org,False,False,False
benign_site_169,benign,169,https://bestselling90.rssing.com/chan-15661538/all_p3.html,bestselling90.rssing.com,False,False,False
benign_site_173,benign,173,https://www.pinterest.com/pin/822892163189887025/sent/,www.pinterest.com,False,True,True
benign_site_174,benign,174,https://dulcedo.com/,dulcedo.com,False,False,False
benign_site_176,benign,176,https://www.celebratelit.com/saving-the-statue-of-liberty-celebration-tour/,www.celebratelit.com,False,False,False
benign_site_177,benign,177,https://www.rafflecopter.com/rafl/display/4221b3a8379/,www.rafflecopter.com,False,False,False
benign_site_179,benign,179,https://www.usatoday.com/story/sports/ncaaw/2024/03/14/womens-college-basketball-coaches-earning-1-million-or-more/72952970007/,www.usatoday.com,False,False,False
benign_site_18,benign,18,https://www.fleetminicabs.com/,www.fleetminicabs.com,False,False,False
benign_site_182,benign,182,https://kit.co/JOY_SHOP,kit.co,False,False,False
benign_site_183,benign,183,https://offer.tcpfast.com/jobshubusa-amazon-jobs/,offer.tcpfast.com,False,False,False
benign_site_184,benign,184,https://linktr.ee/3dgameman,linktr.ee,False,False,False
benign_site_186,benign,186,https://pangian.com/remote/,pangian.com,False,False,False
benign_site_187,benign,187,https://joyshopbd.blogspot.com/2025/05/redragon-s101-gaming-keyboard-mouse.html,joyshopbd.blogspot.com,False,False,False
benign_site_188,benign,188,https://www.usatoday.com/story/sports/ncaaf/2023/12/08/college-football-award-winners-2023-season/71858120007/,www.usatoday.com,False,False,False
benign_site_19,benign,19,https://jadajackson.com/,jadajackson.com,False,False,False
benign_site_190,benign,190,https://www.usatoday.com/story/sports/nfl/eagles/2023/12/15/philadelphia-eagles-christmas-album-jason-kelce-jordan-mailata/71847975007/,www.usatoday.com,False,False,False
benign_site_192,benign,192,https://c8ke.com/rafikul10543,c8ke.com,False,False,False
benign_site_194,benign,194,https://triedandtruemomjobs.com/ProofreadworkshopYT,triedandtruemomjobs.com,False,False,False
benign_site_195,benign,195,https://ghliterary.com/,ghliterary.com,False,False,False
benign_site_199,benign,199,https://kingsumo.com/g/3zjl6z1/summer-planter-giveaway/ponlrdl,kingsumo.com,False,False,False
benign_site_2,benign,2,https://colnect.com/en/gift_cards/gift_card/106402-Logo_and_Smile-Logo_-_Amazon_and_Smile-Amazon-United_States_of_America,colnect.com,False,False,False
benign_site_20,benign,20,https://www.alert.ngo/,www.alert.ngo,False,False,False
benign_site_200,benign,200,https://www.fitfiances.com/,www.fitfiances.com,False,False,False
benign_site_201,benign,201,https://resumeofficial.com/,resumeofficial.com,False,False,False
benign_site_204,benign,204,https://mobilecomm84.company.site/,mobilecomm84.company.site,False,False,False
benign_site_205,benign,205,https://app.rate4rewards.com/,app.rate4rewards.com,False,False,False
benign_site_206,benign,206,https://goingfitunfit.com/spring-fling-50-amazon-cash-giveaway/,goingfitunfit.com,False,False,False
benign_site_208,benign,208,https://tanteotequila.com/pages/spicy-marg-season-sweeps,tanteotequila.com,False,False,False
benign_site_210,benign,210,https://linktr.ee/naomispringthorp,linktr.ee,False,False,False
benign_site_211,benign,211,https://my-store-105131c.creator-spring.com/listing/kinshuk-t-shirt,my-store-105131c.creator-spring.com,False,False,False
benign_site_212,benign,212,https://www.shopmium.com/uk/download,www.shopmium.com,False,False,False
benign_site_213,benign,213,https://www.usatoday.com/story/sports/columnist/mike-freeman/2023/12/19/drazen-petrovic-hall-of-famer-new-jersey-nets/71918378007/,www.usatoday.com,False,False,False
benign_site_215,benign,215,https://giveaway.buildasoil.com/458843/22634883,giveaway.buildasoil.com,False,False,False
benign_site_22,benign,22,https://triedandtruemomjobs.com/BENewsletter,triedandtruemomjobs.com,False,False,False
benign_site_220,benign,220,https://www.readingreality.net/2025/06/summer-2025-seasons-of-books-giveaway-hop/,www.readingreality.net,False,False,False
benign_site_223,benign,223,https://dealstg.blogspot.com/2023/10/holdireinen-ikea-gutschein-imwertvon500.html,dealstg.blogspot.com,False,False,False
benign_site_224,benign,224,https://pacequesobowls.com/?sre=knXK6Ai6c2,pacequesobowls.com,False,True,False
benign_site_225,benign,225,https://allthingsalison.com/,allthingsalison.com,False,False,False
benign_site_229,benign,229,https://www.fyiremotejobs.com/,www.fyiremotejobs.com,False,False,False
benign_site_23,benign,23,https://secure.actblue.com/donate/vanel-for-new-york,secure.actblue.com,False,False,False
benign_site_230,benign,230,https://www.pinterest.com/bestofluck640/skin-care-and-beauty-products-store/,www.pinterest.com,False,True,True
benign_site_231,benign,231,https://www.zola.com/registry/wesolek2025,www.zola.com,False,False,False
benign_site_232,benign,232,https://www.theinfluencerpa.com/,www.theinfluencerpa.com,False,False,False
benign_site_234,benign,234,https://www.power106.com/,www.power106.com,False,False,False
benign_site_235,benign,235,https://www.priority661.com/,www.priority661.com,False,False,False
benign_site_236,benign,236,https://www.overlai.app/,www.overlai.app,False,False,False
benign_site_237,benign,237,https://theaifield.com/,theaifield.com,False,False,False
benign_site_238,benign,238,https://t.me/dinaminasconrosyta,t.me,False,False,False
benign_site_239,benign,239,https://beacons.ai/yellowfishplanet,beacons.ai,False,False,False
benign_site_24,benign,24,https://sparksmotorsofficial.com/pages/blackfriday,sparksmotorsofficial.com,False,False,False
benign_site_242,benign,242,https://hop-apps.clickbank.net?errCode=accntstate&destinationUrl=https%3A%2F%2Fwriteappreviews.com%2Froute%2Fclickbankwar.php,hop-apps.clickbank.net,False,True,True
benign_site_244,benign,244,https://www.reuters.com/world/us/us-probes-effort-impersonate-white-house-chief-staff-wsj-reports-2025-05-30,www.reuters.com,False,False,False
benign_site_245,benign,245,https://workspace.google.com/,workspace.google.com,False,True,True
benign_site_247,benign,247,https://linktr.ee/World_of_Books65,linktr.ee,False,False,False
benign_site_249,benign,249,https://actionnetwork.org/events/teamsters-local-396-may-2025-ups-feeder-seminar,actionnetwork.org,False,False,False
benign_site_250,benign,250,https://kingsumo.com/g/1vj6xz1/bloom-swoon-romance-book-giveaway/rl6en2z,kingsumo.com,False,False,False
benign_site_256,benign,256,https://www.way2fresher.com/,www.way2fresher.com,False,False,False
benign_site_257,benign,257,https://sassnfrass.com/,sassnfrass.com,False,False,False
benign_site_258,benign,258,https://gologin.com/register/?ch_name=tom-blake,gologin.com,False,True,True
benign_site_259,benign,259,https://www.mofa.go.jp/na/na1/ca/pageite_000001_01077.html,www.mofa.go.jp,False,False,False
benign_site_26,benign,26,https://versatileer.com/2025/05/12/ends-05-21-the-boy-upon-death-reapers-last-call-by-j-robert-adams-book-blitz-100-amazon-gift-card-giveaway/,versatileer.com,False,False,False
benign_site_263,benign,263,https://www.celebratelit.com/flight-of-fate-celebration-tour/,www.celebratelit.com,False,False,False
benign_site_265,benign,265,https://linktr.ee/romiepet,linktr.ee,False,False,False
benign_site_267,benign,267,https://emmygatrell.com/book-fair/,emmygatrell.com,False,True,True
benign_site_27,benign,27,https://www.amazon.de/dp/B07S764QNY,www.amazon.de,False,True,True
benign_site_272,benign,272,https://www.readingreality.net/2025/05/come-what-may-giveaway-hop-3/,www.readingreality.net,False,False,False
benign_site_274,benign,274,https://connect.clickandpledge.com/Organization/cleaningforareason/Campaign/cbfl100k/Fundraiser/EmmaArzate,connect.clickandpledge.com,False,False,False
benign_site_275,benign,275,https://catalyit.com/,catalyit.com,False,False,False
benign_site_276,benign,276,https://www.liveworld.com/company/careers,www.liveworld.com,False,False,False
benign_site_277,benign,277,https://www.nerdwallet.com/article/banking/is-it-safer-to-bank-on-your-phone-or-your-computer,www.nerdwallet.com,False,False,False
benign_site_279,benign,279,https://www.claim.co/,www.claim.co,False,False,False
benign_site_28,benign,28,https://st-philip-neri-catholic-school.square.site/,st-philip-neri-catholic-school.square.site,False,False,False
benign_site_280,benign,280,https://joyshopbd.blogspot.com/2025/06/unlock-business-productivity-with.html,joyshopbd.blogspot.com,False,False,False
benign_site_283,benign,283,https://www.idtheftcenter.org/post/spear-phishing-new-client-scams/,www.idtheftcenter.org,False,False,False
benign_site_284,benign,284,https://ursupermart.com/products/smart-electronic-hand-dynamometer,ursupermart.com,False,False,False
benign_site_285,benign,285,https://sites.google.com/view/partner-with-anthony-pwa/home,sites.google.com,False,False,False
benign_site_286,benign,286,https://smrturl.co/o/26703/53198295?s1=,smrturl.co,True,True,False
benign_site_287,benign,287,https://www.celebratelit.com/logan-v-the-hateful-strawberries-celebration-tour/,www.celebratelit.com,False,False,False
benign_site_288,benign,288,https://enetsec.com/,enetsec.com,False,False,False
benign_site_290,benign,290,https://www.celebratelit.com/texas-divided-celebration-tour/,www.celebratelit.com,False,False,False
benign_site_292,benign,292,https://citypersonnel.net/,citypersonnel.net,False,False,False
benign_site_296,benign,296,https://career247.com/job-linked-programs/axis/pbrm/application,career247.com,False,True,True
benign_site_297,benign,297,https://www.mickeyalicekwapis.com/,www.mickeyalicekwapis.com,False,False,False
benign_site_298,benign,298,https://t.co/clEmrH,t.co,True,False,False
benign_site_299,benign,299,https://lnkd.in/gvjDZAMk,lnkd.in,False,False,False
benign_site_3,benign,3,https://unitedmasters.com/m/64067d0aac4cd66062e05b58,unitedmasters.com,False,False,False
benign_site_30,benign,30,https://amzn.in/i1VT6cB,amzn.in,False,False,False
benign_site_301,benign,301,https://woobox.com/9zecba/ra53gi,woobox.com,False,False,False
benign_site_302,benign,302,https://www.thumbtack.com/tx/fort-worth/water-heater-repair/wild-west-plumbing/service/514414384165380098,www.thumbtack.com,False,False,False
benign_site_304,benign,304,https://t.co/Yg,t.co,True,False,False
benign_site_305,benign,305,https://migratetoeurope.com/,migratetoeurope.com,False,False,False
benign_site_306,benign,306,https://dealstg.blogspot.com/2023/10/uscitizens-haveachanceto-wina150-kfc.html,dealstg.blogspot.com,False,False,False
benign_site_309,benign,309,https://fr.pinterest.com/pin/1091771134671476363/sent/,fr.pinterest.com,False,True,True
benign_site_31,benign,31,https://sweepwidget.com/c/89795-13vfuli5/igol37-89795,sweepwidget.com,False,False,False
benign_site_311,benign,311,https://linktr.ee/daytimefinds,linktr.ee,False,False,False
benign_site_313,benign,313,https://www.amashaamasala.com/,www.amashaamasala.com,False,False,False
benign_site_314,benign,314,https://smrturl.co/o/26703/53215115?s1=,smrturl.co,True,True,False
benign_site_318,benign,318,https://kingsumo.com/g/1j262e3/weekly-subscriber-giveaway/rlp88pz,kingsumo.com,False,False,False
benign_site_32,benign,32,https://dealstg.blogspot.com/2023/10/ukcitizens-get100foryour.html,dealstg.blogspot.com,False,False,False
benign_site_321,benign,321,https://versatileer.com/2025/05/01/ends-05-15-10-u-pick-it-any-gift-card-come-what-may-25-giveaway-hop/,versatileer.com,False,False,False
benign_site_323,benign,323,https://bigbangtheoryweeknights.com,bigbangtheoryweeknights.com,False,False,False
benign_site_324,benign,324,https://joyshopbd.blogspot.com/2025/05/why-godonlif-candle-warmer-lamp-is.html,joyshopbd.blogspot.com,False,False,False
benign_site_325,benign,325,https://quality-products1.blogspot.com/2024/11/surprise-samples-box.html,quality-products1.blogspot.com,False,False,False
benign_site_326,benign,326,https://www.zola.com/registry/spitzerlobosco,www.zola.com,False,False,False
benign_site_327,benign,327,https://video.fc2.com/content/20220430gfhQmbHr,video.fc2.com,False,False,False
benign_site_328,benign,328,https://joyshopbd.blogspot.com/2025/06/why-forsining-triangle-skeleton-watch.html,joyshopbd.blogspot.com,False,False,False
benign_site_329,benign,329,https://sevenaire.com/,sevenaire.com,False,False,False
benign_site_33,benign,33,https://www.reloadhero.com/en/,www.reloadhero.com,False,False,False
benign_site_330,benign,330,https://www.gambleaware.org/,www.gambleaware.org,False,False,True
benign_site_331,benign,331,https://itzazkhalid.com/,itzazkhalid.com,False,False,False
benign_site_332,benign,332,https://hackerschool.in/,hackerschool.in,False,False,False
benign_site_333,benign,333,https://versatileer.com/2025/05/16/ends-05-31-10-u-pick-it-any-gift-card-moms-rock-25-giveaway-hop/,versatileer.com,False,False,False
benign_site_335,benign,335,https://busybutglowing.com/,busybutglowing.com,False,False,False
benign_site_336,benign,336,https://royalstaffing.in/,royalstaffing.in,False,False,False
benign_site_337,benign,337,https://ursupermart.com/products/led-corner-shelf-unit-with-mood-lighting,ursupermart.com,False,False,False
benign_site_338,benign,338,https://www.usatoday.com/story/sports/ncaab/2024/03/09/march-madness-bubble-winners-losers-villanova-st-johns/72915604007/,www.usatoday.com,False,False,False
benign_site_339,benign,339,https://relevate.life/,relevate.life,False,False,False
benign_site_341,benign,341,https://www.authorloriarmstrong.com/,www.authorloriarmstrong.com,False,False,False
benign_site_343,benign,343,https://sweepwidget.com/c/90960-do7rga54/i7rfeu-90960,sweepwidget.com,False,False,False
benign_site_344,benign,344,https://jobguppy.com/,jobguppy.com,False,False,False
benign_site_346,benign,346,https://campaign.rtm.com/realtimesocial/share.aspx?promotionId=10929,campaign.rtm.com,False,True,True
benign_site_348,benign,348,https://thereviewer20.blogspot.com/,thereviewer20.blogspot.com,False,False,False
benign_site_349,benign,349,https://joyshopbd.blogspot.com/2025/05/elegant-precision-why-olevs-mens-silver.html,joyshopbd.blogspot.com,False,False,False
benign_site_35,benign,35,https://atxecu.com/,atxecu.com,False,False,False
benign_site_350,benign,350,https://joyshopbd.blogspot.com/2025/04/meet-kaigerr-tx16pro-2025-powerhouse.html,joyshopbd.blogspot.com,False,False,False
benign_site_354,benign,354,https://www.underscoretalent.com/,www.underscoretalent.com,False,False,False
benign_site_356,benign,356,https://www.itsatravelod.com/find-remote-jobs,www.itsatravelod.com,False,False,False
benign_site_357,benign,357,https://www.roblox.com/games/13611351692/Redeem-UGC-Limited-Codes,www.roblox.com,False,False,False
benign_site_358,benign,358,https://sumnerfoodbank.charityproud.org/Donate,sumnerfoodbank.charityproud.org,False,False,False
benign_site_36,benign,36,https://t.me/+qA_l_M1BjTFhM2E5,t.me,False,False,False
benign_site_362,benign,362,https://my-store-105131c.creator-spring.com/listing/kinshuk,my-store-105131c.creator-spring.com,False,False,False
benign_site_364,benign,364,https://hutnan.sk/,hutnan.sk,False,False,False
benign_site_365,benign,365,https://sisterhoodtalent.com/,sisterhoodtalent.com,False,False,False
benign_site_37,benign,37,https://creatorsagency.co/,creatorsagency.co,False,False,False
benign_site_370,benign,370,https://www.korea.net/,www.korea.net,False,False,False
benign_site_371,benign,371,https://lastdivebar.com/,lastdivebar.com,False,False,False
benign_site_375,benign,375,https://www.itsatravelod.com/find-remote-jobs,www.itsatravelod.com,False,False,False
benign_site_376,benign,376,https://turing.com/,turing.com,False,False,False
benign_site_377,benign,377,https://mrbelieverhub.com/,mrbelieverhub.com,False,False,False
benign_site_379,benign,379,https://hvr-amazon.my.site.com/Index?startURL=%2FBBJobDetails%3FAZREF%3Dhttps%3A%2F%2Fhvr-amazon.my.salesforce.com%2F%26reqid%3Da0RKZ000002ciiq2AA,hvr-amazon.my.site.com,False,True,True
benign_site_382,benign,382,https://tower60foundation.com/,tower60foundation.com,False,False,False
benign_site_383,benign,383,https://www.thejoint.com/texas/seagoville/seagoville-28170,www.thejoint.com,False,False,False
benign_site_384,benign,384,https://www.pinterest.com/pin/721420434056905213/sent/,www.pinterest.com,False,True,True
benign_site_386,benign,386,https://fr.pinterest.com/pin/1091771134671470081/sent/,fr.pinterest.com,False,True,True
benign_site_387,benign,387,https://kingsumo.com/g/m5g0oz3/amazon-10-gift-card-giveaway-april-2025/noop240,kingsumo.com,False,False,False
benign_site_388,benign,388,https://www.highfieldinsurance.co.uk/,www.highfieldinsurance.co.uk,False,False,False
benign_site_390,benign,390,https://kingsumo.com/g/1wgko0m/summer-days-giveaway/w8oe266,kingsumo.com,False,False,False
benign_site_392,benign,392,https://www.usatoday.com/story/sports/nfl/chargers/2023/12/20/derwin-james-dance-party-seniors-groove-with-chargers-star/71747305007/,www.usatoday.com,False,False,False
benign_site_394,benign,394,https://www.bankofamerica.com/security-center/faq/additional-security-features/,www.bankofamerica.com,False,False,False
benign_site_395,benign,395,https://matchaslimweightlossde.blogspot.com/,matchaslimweightlossde.blogspot.com,False,False,False
benign_site_398,benign,398,https://www.usatoday.com/story/sports/nfl/steelers/2024/03/10/russell-wilson-pittsburgh-steelers-contract-quarterback-kenny-pickett/72927381007/,www.usatoday.com,False,False,False
benign_site_399,benign,399,https://joinhoney.com/ref/k28r6gq,joinhoney.com,False,False,False
benign_site_401,benign,401,https://kingsumo.com/g/m5g0oz3/amazon-10-gift-card-giveaway-april-2025/d552rk5,kingsumo.com,False,False,False
benign_site_402,benign,402,https://educativ.net/jobs/job/2898020-senior-program-manager-regulatory-intelligence-safety-and-compliance-risc-cross-border-compliance-cbc-luxembourg/,educativ.net,False,False,False
benign_site_403,benign,403,https://pacificfinancialderivatives-usa.blogspot.com/2025/01/pacific-financial-derivatives.html,pacificfinancialderivatives-usa.blogspot.com,False,False,False
benign_site_407,benign,407,https://blog.lafco.com/giveaways/summer-favorites/?lucky=220335,blog.lafco.com,False,True,False
benign_site_408,benign,408,https://metaltech4x4.com/metaltech-4x4-100-amazon-gift-card-w-suspension-purchase/,metaltech4x4.com,False,False,False
benign_site_410,benign,410,https://www.twitch.tv/msbelldandy,www.twitch.tv,False,False,False
benign_site_411,benign,411,https://www.applydubjob.com/2024/01/amazon-careers.html,www.applydubjob.com,False,False,False
benign_site_412,benign,412,https://filterbuy.com/backyard-renovation/,filterbuy.com,False,False,False
benign_site_413,benign,413,https://www.tunespeak.com/campaign/6761fb0d839d470001792e5c,www.tunespeak.com,False,True,True
benign_site_414,benign,414,https://www.celebratelit.com/three-words-and-a-kiss-celebration-tour/,www.celebratelit.com,False,False,False
benign_site_415,benign,415,https://www.valleyorthodonticsny.com/,www.valleyorthodonticsny.com,False,False,False
benign_site_416,benign,416,https://t.co/,t.co,True,False,False
benign_site_417,benign,417,https://versatileer.com/2025/05/17/ends-05-28-their-mended-hearts-by-angie-cole-book-tour-interview-25-amazon-gift-card-giveaway/,versatileer.com,False,False,False
benign_site_418,benign,418,https://www.usatoday.com/story/sports/mlb/dodgers/2024/03/20/dodgers-fire-shohei-ohtani-interpreter-stealing-money-allegations/73047113007/,www.usatoday.com,False,False,False
benign_site_419,benign,419,https://angelgifts.in/,angelgifts.in,False,False,False
benign_site_42,benign,42,https://linktr.ee/klshandwick,linktr.ee,False,False,False
benign_site_420,benign,420,https://roame.travel/giveaway,roame.travel,False,False,False
benign_site_421,benign,421,https://versatileer.com/2025/06/10/ends-06-18-shopping-for-a-highlanders-elopement-by-julia-kent-book-blitz-25-amazon-gift-card-giveaway/?jetpack_skip_subscription_popup=,versatileer.com,False,True,True
benign_site_423,benign,423,https://versatileer.com/2025/06/16/ends-06-30-10-u-pick-it-any-gift-card-dad-o-mite-25-giveaway-hop/,versatileer.com,False,False,False
benign_site_424,benign,424,https://www.cdogspins.com/giveaways,www.cdogspins.com,False,False,False
benign_site_425,benign,425,https://kingsumo.com/g/m5g0oz3/amazon-10-gift-card-giveaway-april-2025/7zznej8,kingsumo.com,False,False,False
benign_site_428,benign,428,https://ikonicroofing.com/,ikonicroofing.com,False,False,False
benign_site_43,benign,43,https://smrturl.co/o/26703/53257660?s1=,smrturl.co,True,True,False
benign_site_431,benign,431,https://maxell-usa.com/,maxell-usa.com,False,False,False
benign_site_432,benign,432,https://ul.ink/23W39V-Q1MMSK_t,ul.ink,False,False,False
benign_site_434,benign,434,https://fr.pinterest.com/?show_error=true,fr.pinterest.com,False,True,False
benign_site_436,benign,436,https://www.berkshirehathawayluxurygroup.com/,www.berkshirehathawayluxurygroup.com,False,False,False
benign_site_437,benign,437,https://kingsumo.com/g/1xqne9m/unexpected-blessings-giveaway/ky2gv49,kingsumo.com,False,False,False
benign_site_438,benign,438,https://kingsumo.com/g/36qwde1/childrens-summer-reading-giveaway/7zxoo48,kingsumo.com,False,False,False
benign_site_439,benign,439,https://www.celebratelit.com/the-herbalist-celebration-tour/,www.celebratelit.com,False,False,False
benign_site_44,benign,44,https://www.wonsulting.com/,www.wonsulting.com,False,False,False
benign_site_441,benign,441,https://woobox.com/c6bqhx/r9z0y7,woobox.com,False,False,False
benign_site_442,benign,442,https://jmnorthup.com,jmnorthup.com,False,False,False
benign_site_443,benign,443,https://thrillandchilltravel.com/,thrillandchilltravel.com,False,False,False
benign_site_445,benign,445,https://lifestylewithalli.com/,lifestylewithalli.com,False,False,False
benign_site_447,benign,447,https://www.mymdnow.com/blog/choosing-the-right-care-when-to-visit-urgent-care-primary-care-or-the-er,www.mymdnow.com,False,False,False
benign_site_449,benign,449,https://www.usatoday.com/story/sports/nfl/columnist/bell/2023/12/24/doug-williams-super-bowl-22-black-nfl-legend/71966820007/,www.usatoday.com,False,False,False
benign_site_453,benign,453,https://linktr.ee/Homefindsbymarcella,linktr.ee,False,False,False
benign_site_456,benign,456,https://www.usatoday.com/story/sports/nfl/columnist/nate-davis/2023/12/16/nfl-winners-losers-saturday-bengals-lions-broncos-colts-steelers/71949633007/,www.usatoday.com,False,False,False
benign_site_459,benign,459,https://www.theguardian.com/us-news/2024/feb/06/california-storms-threaten-flooding-landslides?CMP=share_btn_tw,www.theguardian.com,False,True,False
benign_site_461,benign,461,https://beacons.ai/thepolishedemerald,beacons.ai,False,False,False
benign_site_462,benign,462,https://www.cardsrus.pro/,www.cardsrus.pro,False,False,False
benign_site_463,benign,463,https://www.webtoons.com/en/romance/im-a-villainess-but-i-wont-live-like-one/list?title_no=7688,www.webtoons.com,False,True,False
benign_site_464,benign,464,https://gameflip.com/item/-7-00-amazon-gift-card-uk-/ad07a268-95f0-468e-9de4-2ad9106ec9ce,gameflip.com,False,False,False
benign_site_466,benign,466,https://dealstg.blogspot.com/2023/10/uscitizens-geta100walmartgift-card.html,dealstg.blogspot.com,False,False,False
benign_site_467,benign,467,https://joyshopbd.blogspot.com/2025/05/acer-aspire-5-slim-laptop-review.html,joyshopbd.blogspot.com,False,False,False
benign_site_469,benign,469,https://smrturl.co/o/26703/53234080?s1=,smrturl.co,True,True,False
benign_site_47,benign,47,https://www.empoweryouth.com/,www.empoweryouth.com,False,False,False
benign_site_470,benign,470,https://www.nazlegacy.org/,www.nazlegacy.org,False,False,False
benign_site_472,benign,472,https://www.usatoday.com/story/entertainment/tv/2023/11/08/where-to-watch-charlie-brown-thanksgiving/71504675007/,www.usatoday.com,False,False,False
benign_site_473,benign,473,https://linktr.ee/MissinOutMS,linktr.ee,False,False,False
benign_site_474,benign,474,https://www.usatoday.com/story/sports/mlb/columnist/gabe-lacques/2024/04/24/shohei-ohtani-stats-scandal-dodgers-first-month/73445941007/,www.usatoday.com,False,False,False
benign_site_475,benign,475,https://www.celebratelit.com/capture-the-moment-celebration-tour/,www.celebratelit.com,False,False,False
benign_site_476,benign,476,https://kingsumo.com/g/mpjqgdm/hello-summer-collaboraton-giveaway/5vn04pl,kingsumo.com,False,False,False
benign_site_477,benign,477,https://www.usatoday.com/story/sports/nfl/2024/03/05/kirk-cousins-landing-spots-vikings-falcons/72855231007/,www.usatoday.com,False,False,False
benign_site_478,benign,478,https://joyshopbd.blogspot.com/2025/06/the-new-macbook-pro-162-late-2024.html,joyshopbd.blogspot.com,False,False,False
benign_site_48,benign,48,https://www.celebratelit.com/the-aftermath-celebration-tour/,www.celebratelit.com,False,False,False
benign_site_480,benign,480,https://icodejr.com/,icodejr.com,False,False,False
benign_site_482,benign,482,https://hv69.com/,hv69.com,False,False,False
benign_site_484,benign,484,https://www.aura.com/learn/online-banking-security,www.aura.com,False,False,False
benign_site_485,benign,485,https://www.howtoanalyzedata.net/,www.howtoanalyzedata.net,False,False,False
benign_site_486,benign,486,https://www.scribd.com/document/632721386/EU-OLO-AMZL,www.scribd.com,False,False,False
benign_site_488,benign,488,https://www.itsolution4india.com/,www.itsolution4india.com,False,False,False
benign_site_489,benign,489,https://gameglass.gg/refer,gameglass.gg,False,True,True
benign_site_490,benign,490,https://www.deviantart.com/dascfgsgv12541/gallery,www.deviantart.com,False,False,False
benign_site_491,benign,491,https://luxurylumen.com/,luxurylumen.com,False,False,False
benign_site_493,benign,493,https://www.mofa.go.jp/press/release/pressite_000001_01201.html,www.mofa.go.jp,False,False,False
benign_site_494,benign,494,https://www.amazon.fr/dp/B0CQMWQDH4,www.amazon.fr,False,True,True
benign_site_496,benign,496,https://triedandtruemomjobs.com/userinterviews,triedandtruemomjobs.com,False,False,False
benign_site_499,benign,499,https://www.taqwaenterprise.us/,www.taqwaenterprise.us,False,False,False
benign_site_5,benign,5,https://www.celebratelit.com/angel-from-the-east-celebration-tour/,www.celebratelit.com,False,False,False
benign_site_50,benign,50,https://grail-talent.com/,grail-talent.com,False,False,False
benign_site_500,benign,500,https://health-beautytips1.blogspot.com/2019/02/green-coffee-bean-max.html,health-beautytips1.blogspot.com,False,False,False
benign_site_502,benign,502,https://zink-talent.com/,zink-talent.com,False,False,False
benign_site_503,benign,503,https://www.saasant.com/blog/how-to-buy-amazon-gift-card-with-paypal/,www.saasant.com,False,False,False
benign_site_504,benign,504,https://www.fermalife.com/giving,www.fermalife.com,False,False,False
benign_site_505,benign,505,https://www.cirkledin.com/,www.cirkledin.com,False,False,False
benign_site_507,benign,507,https://jodyjoy.com/elegance-and-evil-by-dk-coutant/,jodyjoy.com,False,True,True
benign_site_508,benign,508,https://secure.bankofamerica.com/,secure.bankofamerica.com,False,False,False
benign_site_509,benign,509,https://outlook.live.com/owa/,outlook.live.com,False,False,False
benign_site_51,benign,51,https://kingsumo.com/g/m88xd2m/rkin-june-2025-rkin-ah-14-pro-hepa-air-purifier-giveaway/827v4ov,kingsumo.com,False,False,False
benign_site_511,benign,511,https://thejayelle.com/,thejayelle.com,False,False,False
benign_site_513,benign,513,https://ncmec.org/AMBER,ncmec.org,False,False,False
benign_site_514,benign,514,https://kw.com/,kw.com,False,False,False
benign_site_516,benign,516,https://sites.google.com/view/magicoa87/home,sites.google.com,False,False,False
benign_site_52,benign,52,https://www.glossaryartists.com/,www.glossaryartists.com,False,False,False
benign_site_520,benign,520,https://www.thecommons.earth/plastic-free-july-giveaway,www.thecommons.earth,False,False,False
benign_site_53,benign,53,https://www.celebratelit.com/being-content-gods-way-workbook-celebration-tour/,www.celebratelit.com,False,False,False
benign_site_54,benign,54,https://linktr.ee/rob64c,linktr.ee,False,False,False
benign_site_55,benign,55,https://dealstg.blogspot.com/,dealstg.blogspot.com,False,False,False
benign_site_57,benign,57,https://christianbook.com/,christianbook.com,False,False,False
benign_site_58,benign,58,https://shabbaton.cteen.com/,shabbaton.cteen.com,False,False,False
benign_site_6,benign,6,https://t.co/75m,t.co,True,False,False
benign_site_61,benign,61,https://marketingconmelissa.com/,marketingconmelissa.com,False,False,False
benign_site_65,benign,65,https://phone-lover.blogspot.com/2024/06/liphone-15-pro-max-est-le-smartphone-le.html,phone-lover.blogspot.com,False,False,False
benign_site_66,benign,66,https://www.jobsinnetwork.com/?query=senior+strategic+adoption+manager+amazon+business,www.jobsinnetwork.com,False,True,True
benign_site_7,benign,7,https://best-t-shirts-lovers.com/limitededition02?rt=storefront&rn=best-t-shirts-lovers&s=hanes-S04V&c=White&p=FRONT,best-t-shirts-lovers.com,False,True,False
benign_site_70,benign,70,https://www.celebratelit.com/the-bible-companion-book-1-genesis-exodus-celebration-tour/,www.celebratelit.com,False,False,False
benign_site_72,benign,72,https://www.pinterest.com/pin/906701337474207242/,www.pinterest.com,False,False,False
benign_site_74,benign,74,https://startersandtreats.com/cheeseburger-bites-recipe-the-perfect-party-appetizer/,startersandtreats.com,False,False,False
benign_site_75,benign,75,https://joyshopbd.blogspot.com/2025/06/why-gmktec-k6-mini-pc-is-2025s-best.html,joyshopbd.blogspot.com,False,False,False
benign_site_76,benign,76,https://jobs.greystar.com/,jobs.greystar.com,False,False,False
benign_site_79,benign,79,https://mysavingdeals.com/,mysavingdeals.com,False,False,False
benign_site_81,benign,81,https://yourdailydevin.com/,yourdailydevin.com,False,False,False
benign_site_83,benign,83,https://fulfillmentsms.com/fulfillment-by-amazon-most-common-pitfalls-and-problems-reported-by-fba-sellers/,fulfillmentsms.com,False,False,False
benign_site_85,benign,85,https://www.hermanaagency.com/,www.hermanaagency.com,False,False,False
benign_site_86,benign,86,https://drive.google.com/file/d/1-t5B0sJyEFqHIDAiMr9fpqte1ksUiDZ1/view?usp=sharing,drive.google.com,False,True,False
benign_site_87,benign,87,https://x.com/YALiberty/status/1855797550965477779/video/1,x.com,False,False,False
benign_site_88,benign,88,https://www.levels.fyi/,www.levels.fyi,False,False,False
benign_site_89,benign,89,https://www.theonly.agency/,www.theonly.agency,False,False,False
benign_site_9,benign,9,https://yireservation.com/,yireservation.com,False,False,False
benign_site_90,benign,90,https://dealstg.blogspot.com/2023/10/blog-post_23.html,dealstg.blogspot.com,False,False,False
benign_site_92,benign,92,https://afmtrk.net/click?p=11691&o=4762,afmtrk.net,False,True,False
benign_site_94,benign,94,https://angelsbooknook.com/2025/06/01/2025-berry-good-giveaway-hop-june-1st-15th/comment-page-1/,angelsbooknook.com,False,False,False
benign_site_97,benign,97,https://dmv.colorado.gov/fraud-alertsscams,dmv.colorado.gov,False,False,False
benign_site_98,benign,98,https://www.annamullercoaching.com/,www.annamullercoaching.com,False,False,False
malicious_site_1,malicious,1,https://shorturl.at/qw8wA,shorturl.at,True,False,False
malicious_site_10,malicious,10,https://sites.google.com/view/delicious-pp/home,sites.google.com,False,False,False
malicious_site_100,malicious,100,https://sites.google.com/view/amazon5382/home,sites.google.com,False,False,False
malicious_site_101,malicious,101,https://shorturl.at/e4nN5,shorturl.at,True,False,False
malicious_site_102,malicious,102,https://sites.google.com/view/tiktokcpl/home,sites.google.com,False,False,False
malicious_site_103,malicious,103,https://sites.google.com/view/win-a-little-joygift-card-gi/home,sites.google.com,False,False,False
malicious_site_104,malicious,104,https://sites.google.com/view/buffalo-wings-/home,sites.google.com,False,False,False
malicious_site_107,malicious,107,https://sites.google.com/view/flash-giveaway-/home,sites.google.com,False,False,False
malicious_site_108,malicious,108,https://sites.google.com/view/amazonft-1000/home,sites.google.com,False,False,False
malicious_site_109,malicious,109,https://glitchy.go2cloud.org/aff_c?offer_id=144,glitchy.go2cloud.org,False,True,True
malicious_site_11,malicious,11,https://gunboundggh.com/member,gunboundggh.com,False,False,False
malicious_site_111,malicious,111,https://mrbestgiftscardss.com/,mrbestgiftscardss.com,False,False,False
malicious_site_112,malicious,112,https://sites.google.com/view/amazon-gifts-card250/home,sites.google.com,False,False,False
malicious_site_113,malicious,113,https://sites.google.com/view/cpaofferiphonandroi/home,sites.google.com,False,False,False
malicious_site_114,malicious,114,https://teampirateshop.com/freegiftcard/,teampirateshop.com,False,False,False
malicious_site_115,malicious,115,https://sites.google.com/view/chicken-roast-/home,sites.google.com,False,False,False
malicious_site_116,malicious,116,https://sites.google.com/view/costoco009/home,sites.google.com,False,False,False
malicious_site_117,malicious,117,https://sites.google.com/view/coulruyt/home,sites.google.com,False,False,False
malicious_site_118,malicious,118,https://shorturl.at/cjlxW,shorturl.at,True,False,False
malicious_site_119,malicious,119,https://shorturl.at/fqUY3,shorturl.at,True,False,False
malicious_site_12,malicious,12,https://sites.google.com/view/action-giftcard/home,sites.google.com,False,False,False
malicious_site_120,malicious,120,https://sites.google.com/view/amazon-gifta-card-/home,sites.google.com,False,False,False
malicious_site_121,malicious,121,https://sites.google.com/view/aldigiftcard2025/home,sites.google.com,False,False,False
malicious_site_122,malicious,122,https://sites.google.com/view/gva2/home,sites.google.com,False,False,False
malicious_site_123,malicious,123,https://sites.google.com/view/kwa-samsung-a53/home,sites.google.com,False,False,False
malicious_site_124,malicious,124,https://sites.google.com/view/vgca4/home,sites.google.com,False,False,False
malicious_site_125,malicious,125,https://bestofluck640.blogspot.com/2021/10/cashapp-750-for-usa.html,bestofluck640.blogspot.com,False,False,False
malicious_site_126,malicious,126,https://sites.google.com/view/sohed12/home,sites.google.com,False,False,False
malicious_site_127,malicious,127,https://sites.google.com/view/cavgr/home,sites.google.com,False,False,False
malicious_site_128,malicious,128,https://productsinformation64.blogspot.com/2025/03/win-carribean-getaway-for-two.html,productsinformation64.blogspot.com,False,False,False
malicious_site_129,malicious,129,https://verifyasap.com/,verifyasap.com,False,False,False
malicious_site_13,malicious,13,https://sites.google.com/view/p-ebtrelief/home,sites.google.com,False,False,False
malicious_site_130,malicious,130,https://surl.li/kaojho,surl.li,True,False,False
malicious_site_131,malicious,131,https://sites.google.com/view/iphone-15-pro9/home,sites.google.com,False,False,False
malicious_site_132,malicious,132,https://sites.google.com/view/moneyshi22-11/home,sites.google.com,False,False,False
malicious_site_133,malicious,133,https://sites.google.com/view/cashappp02/home,sites.google.com,False,False,False
malicious_site_134,malicious,134,https://sites.google.com/view/grill-thrill-chicken-kababs/home,sites.google.com,False,False,False
malicious_site_135,malicious,135,https://www.github.careers/careers-home,www.github.careers,False,False,False
malicious_site_137,malicious,137,https://sites.google.com/view/delivery-driver-cpl-us/home,sites.google.com,False,False,False
malicious_site_138,malicious,138,https://sites.google.com/view/simpla-360--pe/home,sites.google.com,False,False,False
malicious_site_139,malicious,139,https://freeamazonprogram.com/,freeamazonprogram.com,False,False,False
malicious_site_14,malicious,14,https://sites.google.com/view/slsalfunclub-/home,sites.google.com,False,False,False
malicious_site_141,malicious,141,https://sites.google.com/view/amazon-gcd/home,sites.google.com,False,False,False
malicious_site_143,malicious,143,https://sites.google.com/view/flash-giveaway-g/home,sites.google.com,False,False,False
malicious_site_144,malicious,144,https://sites.google.com/view/sohed11/home,sites.google.com,False,False,False
malicious_site_145,malicious,145,https://giftcardoffer2023.brizy.site/,giftcardoffer2023.brizy.site,False,False,False
malicious_site_146,malicious,146,https://afmtrk.net/c/?p=11691&o=9149,afmtrk.net,False,True,False
malicious_site_148,malicious,148,https://sites.google.com/view/veniselle-es-jh/home,sites.google.com,False,False,False
malicious_site_149,malicious,149,https://sites.google.com/view/vivo-vision/home,sites.google.com,False,False,False
malicious_site_15,malicious,15,https://sites.google.com/view/gcv12/home,sites.google.com,False,False,False
malicious_site_150,malicious,150,https://snapto.link/cashbenefit,snapto.link,False,False,False
malicious_site_151,malicious,151,https://sites.google.com/view/remotejobscplus-001/home,sites.google.com,False,False,False
malicious_site_152,malicious,152,https://sites.google.com/view/ssrree/home,sites.google.com,False,False,False
malicious_site_153,malicious,153,https://sites.google.com/view/agv2g/home,sites.google.com,False,False,False
malicious_site_154,malicious,154,https://sites.google.com/view/nature6668/home,sites.google.com,False,False,False
malicious_site_155,malicious,155,https://smrturl.co/o/26703/53213898?s1=,smrturl.co,True,True,False
malicious_site_156,malicious,156,https://sites.google.com/view/netfles-/home,sites.google.com,False,False,False
malicious_site_157,malicious,157,https://sites.google.com/view/lade-das-rewards/home,sites.google.com,False,False,False
malicious_site_158,malicious,158,https://m.soundcloud.com/kathy-higdon/is-the-100-amazon-gift-card-free-offer-real-find-out-here,m.soundcloud.com,False,False,False
malicious_site_159,malicious,159,https://www.articleted.com/article/945470/349457/Generate-PayPal-Gift-Cards-Online-?%E2%9C%A8---100--Fast--amp%3B-Secure-=,www.articleted.com,False,True,True
malicious_site_16,malicious,16,https://sites.google.com/view/rewardsgiant750sheincard/home,sites.google.com,False,False,False
malicious_site_160,malicious,160,https://www.mrjeffamz.com/,www.mrjeffamz.com,False,False,False
malicious_site_161,malicious,161,https://sites.google.com/view/500petrocards/home,sites.google.com,False,False,False
malicious_site_162,malicious,162,https://sites.google.com/view/gift-card-giveaway-jh/home,sites.google.com,False,False,False
malicious_site_163,malicious,163,https://shorturl.at/juwMR,shorturl.at,True,False,False
malicious_site_164,malicious,164,https://rewardcratezone.blogspot.com/2025/06/amazon-gift-card-generator-new-method.html?m=1,rewardcratezone.blogspot.com,False,True,False
malicious_site_165,malicious,165,https://sites.google.com/view/iphone-16-iphone-15-500-amazon/home,sites.google.com,False,False,False
malicious_site_166,malicious,166,https://sites.google.com/view/f5v/home,sites.google.com,False,False,False
malicious_site_167,malicious,167,https://imgur.com/gallery/how-to-claim-free-amazon-gift-cards-codes-100-legit-easy-methods-XhNUmfv,imgur.com,False,False,False
malicious_site_168,malicious,168,https://sites.google.com/view/gam-ng-gcd/home,sites.google.com,False,False,False
malicious_site_169,malicious,169,https://soundcloud.com/wanda-graybill/is-the-100-amazon-gift-card-free-offer-real-find-out-here,soundcloud.com,False,False,False
malicious_site_17,malicious,17,https://sites.google.com/view/sofioffer/home,sites.google.com,False,False,False
malicious_site_170,malicious,170,https://ridewithus.com/wp-content/uploads/lp/giveaway.html,ridewithus.com,False,False,False
malicious_site_171,malicious,171,https://shorturl.at/FRTW3,shorturl.at,True,False,False
malicious_site_172,malicious,172,http://ww25.visitkorea.us/,ww25.visitkorea.us,False,True,True
malicious_site_173,malicious,173,https://sites.google.com/view/orpoce/home,sites.google.com,False,False,False
malicious_site_174,malicious,174,https://micronic.com/promotions/share-your-opinion-and-win-an-amazon-gift-card/,micronic.com,False,False,False
malicious_site_176,malicious,176,https://sites.google.com/view/sofi-6-00/home,sites.google.com,False,False,False
malicious_site_177,malicious,177,https://proofferzonse.com/cash_app_gift_card/,proofferzonse.com,False,False,False
malicious_site_18,malicious,18,https://sites.google.com/view/wina-gift-card/home,sites.google.com,False,False,False
malicious_site_180,malicious,180,https://sites.google.com/view/amazongiftcardi250/home,sites.google.com,False,False,False
malicious_site_182,malicious,182,https://georgepetropoulos.net/seo/google-account-suspended/,georgepetropoulos.net,False,False,False
malicious_site_184,malicious,184,https://www.rayyappstore.com/product/amazon-gift-card-us/,www.rayyappstore.com,False,False,False
malicious_site_185,malicious,185,https://giftycode.com/product-category/stores/page/7/?add-to-cart=84138,giftycode.com,False,True,False
malicious_site_186,malicious,186,https://sites.google.com/view/7-eleven-022/home,sites.google.com,False,False,False
malicious_site_187,malicious,187,https://bento.me/cash-app-money-free,bento.me,False,False,False
malicious_site_188,malicious,188,https://proofferzonse.com/amazon_gift_card/,proofferzonse.com,False,False,False
malicious_site_189,malicious,189,https://shorturl.at/eglU5,shorturl.at,True,False,False
malicious_site_19,malicious,19,https://www.rt6.lol/,www.rt6.lol,False,False,False
malicious_site_190,malicious,190,https://sites.google.com/view/samsung-galaxys10/home,sites.google.com,False,False,False
malicious_site_191,malicious,191,https://shorturl.at/uFPy2,shorturl.at,True,False,False
malicious_site_192,malicious,192,https://shorturl.at/kqBOU,shorturl.at,True,False,False
malicious_site_193,malicious,193,https://surl.li/xmpsab,surl.li,True,False,False
malicious_site_194,malicious,194,https://sites.google.com/view/smart-watch-hj/home,sites.google.com,False,False,False
malicious_site_195,malicious,195,https://sites.google.com/view/wit-surveoo/home,sites.google.com,False,False,False
malicious_site_196,malicious,196,https://proofferzonse.com/free_psn_gift_card/,proofferzonse.com,False,False,False
malicious_site_197,malicious,197,https://www.xn--rosluv-dva.com/,www.xn--rosluv-dva.com,False,False,False
malicious_site_198,malicious,198,https://sites.google.com/view/cashapps40/home,sites.google.com,False,False,False
malicious_site_199,malicious,199,https://usa-cashapp.blogspot.com/,usa-cashapp.blogspot.com,False,False,False
malicious_site_2,malicious,2,https://shorturl.at/orvGJ,shorturl.at,True,False,False
malicious_site_20,malicious,20,https://sites.google.com/view/amazon-giftcardj/home,sites.google.com,False,False,False
malicious_site_200,malicious,200,https://maddersoftime.com/giveaway/,maddersoftime.com,False,True,True
malicious_site_201,malicious,201,https://sites.google.com/view/gift-10c/home,sites.google.com,False,False,False
malicious_site_202,malicious,202,https://sites.google.com/view/facebook023/home,sites.google.com,False,False,False
malicious_site_203,malicious,203,https://sites.google.com/view/amazon-vibes-in-a-card/home,sites.google.com,False,False,False
malicious_site_204,malicious,204,https://sites.google.com/view/testen-sie-jetzt-ihre-/home,sites.google.com,False,False,False
malicious_site_205,malicious,205,https://sites.google.com/view/surveys-jd/home,sites.google.com,False,False,False
malicious_site_206,malicious,206,https://sites.google.com/view/iphngiveaways/home,sites.google.com,False,False,False
malicious_site_207,malicious,207,https://sites.google.com/view/komll/home,sites.google.com,False,False,False
malicious_site_208,malicious,208,https://only-great-jobs-ups-us.blogspot.com/,only-great-jobs-ups-us.blogspot.com,False,False,False
malicious_site_209,malicious,209,https://sites.google.com/view/pay-pel/home,sites.google.com,False,False,False
malicious_site_21,malicious,21,https://sites.google.com/view/rewards-j/home,sites.google.com,False,False,False
malicious_site_210,malicious,210,https://giftcardsparadise.com/products/amazon-gift-card-100-instant-delivery,giftcardsparadise.com,False,False,False
malicious_site_212,malicious,212,https://sites.google.com/view/freefreegiftboxgiftbox/home,sites.google.com,False,False,False
malicious_site_213,malicious,213,https://tryredeem.io/,tryredeem.io,False,False,False
malicious_site_214,malicious,214,https://sites.google.com/view/all-gift-card-offers-now-here/home,sites.google.com,False,False,False
malicious_site_215,malicious,215,https://list.ly/list/AhwS-win-a-carribean-getaway-for-two,list.ly,False,False,False
malicious_site_216,malicious,216,https://sites.google.com/view/surveoo-hg/home,sites.google.com,False,False,False
malicious_site_217,malicious,217,https://click2daff.com/click?o=3752&p=3797&s4=lipus,click2daff.com,False,True,False
malicious_site_218,malicious,218,https://sites.google.com/view/bcsyeijlbjcgd/%E0%A6%B9%E0%A6%AE,sites.google.com,False,False,False
malicious_site_219,malicious,219,https://proofferzonse.com/mr_best/,proofferzonse.com,False,False,False
malicious_site_220,malicious,220,https://sites.google.com/view/day-chocolates/home,sites.google.com,False,False,False
malicious_site_221,malicious,221,https://offer.tcpfast.com/work-from-home-jobs-2/,offer.tcpfast.com,False,False,False
malicious_site_222,malicious,222,https://sites.google.com/view/surveytomake750toamazon/home,sites.google.com,False,True,True
malicious_site_225,malicious,225,https://sites.google.com/view/amz-1000-free/home,sites.google.com,False,False,False
malicious_site_227,malicious,227,https://redeem.invincible.ubisoft.barcelona/,redeem.invincible.ubisoft.barcelona,False,False,False
malicious_site_228,malicious,228,https://sites.google.com/view/amazon-gift-card-the-perfect/home,sites.google.com,False,False,False
malicious_site_229,malicious,229,https://sites.google.com/view/100-walmart-gift-card-usa/home,sites.google.com,False,False,False
malicious_site_23,malicious,23,https://shorturl.at/iwTIa,shorturl.at,True,False,False
malicious_site_230,malicious,230,https://sites.google.com/view/100-dunkn-donuts,sites.google.com,False,False,False
malicious_site_231,malicious,231,https://antiphishing.biz/Check_Shortest.Link/11Nxd?l=en,antiphishing.biz,False,True,False
malicious_site_232,malicious,232,https://sites.google.com/view/amazongiftcard2025-12/home,sites.google.com,False,False,False
malicious_site_233,malicious,233,https://sites.google.com/view/veniselle-esjh/home,sites.google.com,False,False,False
malicious_site_234,malicious,234,https://okp.life/,okp.life,False,False,False
malicious_site_235,malicious,235,https://giftcardsparadise.com/collections,giftcardsparadise.com,False,False,False
malicious_site_237,malicious,237,https://singingfiles.com/show.php?l=0&u=2386738&id=69755,singingfiles.com,False,True,False
malicious_site_24,malicious,24,https://offerjoy.xyz/cash,offerjoy.xyz,False,False,False
malicious_site_240,malicious,240,https://bestproductslovers.blogspot.com/2025/03/750-kroger-rewards.html,bestproductslovers.blogspot.com,False,False,False
malicious_site_241,malicious,241,https://sites.google.com/view/tarjeta-de/home,sites.google.com,False,False,False
malicious_site_243,malicious,243,https://sites.google.com/view/amazon100la/home,sites.google.com,False,False,False
malicious_site_244,malicious,244,https://sites.google.com/view/giftcards-reward/home,sites.google.com,False,False,False
malicious_site_245,malicious,245,https://sites.google.com/view/dioxide-jh/home,sites.google.com,False,False,False
malicious_site_247,malicious,247,https://sites.google.com/view/samples-you-/home,sites.google.com,False,False,False
malicious_site_248,malicious,248,https://giftcards.immfy.com/,giftcards.immfy.com,False,False,False
malicious_site_249,malicious,249,https://11giftcardamazon.weebly.com/,11giftcardamazon.weebly.com,False,False,False
malicious_site_25,malicious,25,https://sites.google.com/view/giftcard027/home,sites.google.com,False,False,False
malicious_site_250,malicious,250,https://sites.google.com/view/appleappdg/home,sites.google.com,False,False,False
malicious_site_251,malicious,251,https://sites.google.com/view/cash-apps-53524/home,sites.google.com,False,False,False
malicious_site_254,malicious,254,https://sites.google.com/view/costco-jobs-cpl-us/home,sites.google.com,False,False,False
malicious_site_256,malicious,256,https://sites.google.com/view/kijk-of-uw-/home,sites.google.com,False,False,False
malicious_site_257,malicious,257,https://shorturl.at/kJC2r,shorturl.at,True,False,False
malicious_site_259,malicious,259,https://sites.google.com/view/temu-gcd/home,sites.google.com,False,False,False
malicious_site_26,malicious,26,https://shorturl.at/yRPmD,shorturl.at,True,False,False
malicious_site_260,malicious,260,https://sites.google.com/view/amazon1000voucher/home,sites.google.com,False,False,False
malicious_site_261,malicious,261,https://proofferzonse.com/monopoly/,proofferzonse.com,False,False,False
malicious_site_262,malicious,262,https://www.amazonsupport247.com/,www.amazonsupport247.com,False,False,False
malicious_site_263,malicious,263,https://offer.tcpfast.com/cash850/,offer.tcpfast.com,False,False,False
malicious_site_264,malicious,264,https://fortnitevbucks.buyredeemcodee.com/claimcodes/vbucks/,fortnitevbucks.buyredeemcodee.com,False,False,False
malicious_site_265,malicious,265,https://steemit.com/amazon/@mullert/free-amazon-giftcard-method,steemit.com,False,False,False
malicious_site_266,malicious,266,https://sites.google.com/view/iphone-15-pro-max-j/home,sites.google.com,False,False,False
malicious_site_267,malicious,267,https://sites.google.com/view/amazon-gift-hj/home,sites.google.com,False,False,False
malicious_site_268,malicious,268,https://sites.google.com/view/amazongiftcardgiv/home,sites.google.com,False,False,False
malicious_site_269,malicious,269,https://iphone-giveway.my.canva.site/amazon,iphone-giveway.my.canva.site,False,False,False
malicious_site_27,malicious,27,https://www.mrjeffamz.com/blog/submit-an-appeal-to-amazon-2025-best-practices-for-sellers,www.mrjeffamz.com,False,False,False
malicious_site_270,malicious,270,https://sites.google.com/view/aldiapp500,sites.google.com,False,False,False
malicious_site_271,malicious,271,https://sites.google.com/view/walmart-app-/home,sites.google.com,False,False,False
malicious_site_272,malicious,272,https://download.aponacademy.com/remote-jobs-for-you/,download.aponacademy.com,False,False,False
malicious_site_273,malicious,273,https://sites.google.com/view/winmcdonalds24/home,sites.google.com,False,False,False
malicious_site_275,malicious,275,http://mr-beast-gift-cards.rf.gd/,mr-beast-gift-cards.rf.gd,False,False,False
malicious_site_276,malicious,276,https://sites.google.com/view/change025/home,sites.google.com,False,False,False
malicious_site_277,malicious,277,https://www.behance.net/search/projects/amazon gift card free code,www.behance.net,False,False,False
malicious_site_278,malicious,278,https://sites.google.com/view/data-protected-jt/home,sites.google.com,False,False,False
malicious_site_279,malicious,279,https://sites.google.com/view/amazongiftcard20025/home,sites.google.com,False,False,False
malicious_site_28,malicious,28,https://candidcover.net/amazon-giveaway-moms-rock/,candidcover.net,False,False,False
malicious_site_280,malicious,280,https://sites.google.com/view/trail,sites.google.com,False,False,False
malicious_site_281,malicious,281,https://sites.google.com/view/amazon-job-online-sign-up/home,sites.google.com,False,False,False
malicious_site_282,malicious,282,https://sites.google.com/view/amazongiftcardoffer65/home,sites.google.com,False,False,False
malicious_site_283,malicious,283,https://sites.google.com/view/homexpresshub/home,sites.google.com,False,False,False
malicious_site_284,malicious,284,https://sites.google.com/view/the-perfect-gift-every-time/home,sites.google.com,False,False,False
malicious_site_285,malicious,285,https://sites.google.com/view/wetre01/home,sites.google.com,False,False,False
malicious_site_286,malicious,286,https://sites.google.com/view/netflixjobscplus/home,sites.google.com,False,False,False
malicious_site_288,malicious,288,https://sites.google.com/view/temu-appjd/home,sites.google.com,False,False,False
malicious_site_289,malicious,289,https://sites.google.com/view/cash-appft-780/home,sites.google.com,False,False,False
malicious_site_290,malicious,290,https://sites.google.com/view/amazon123s/home,sites.google.com,False,False,False
malicious_site_291,malicious,291,https://shorturl.at/00KuY,shorturl.at,True,False,False
malicious_site_292,malicious,292,https://sites.google.com/view/100-walmartgiftcardgiveaway/home,sites.google.com,False,False,False
malicious_site_293,malicious,293,https://sites.google.com/view/survewith25/home,sites.google.com,False,False,False
malicious_site_294,malicious,294,https://sites.google.com/view/vdgca/home,sites.google.com,False,False,False
malicious_site_295,malicious,295,https://smrturl.co/o/548107/53374876?s1=,smrturl.co,True,True,False
malicious_site_297,malicious,297,https://sites.google.com/view/dollargeneralcpl-us/home,sites.google.com,False,False,False
malicious_site_298,malicious,298,https://shorturl.at/DNTX8,shorturl.at,True,False,False
malicious_site_299,malicious,299,https://moden-offer.blogspot.com/,moden-offer.blogspot.com,False,False,False
malicious_site_3,malicious,3,https://sites.google.com/view/coffee-machine23/home,sites.google.com,False,False,False
malicious_site_30,malicious,30,https://proofferzonse.com/free_roblox/,proofferzonse.com,False,False,False
malicious_site_300,malicious,300,https://sites.google.com/view/chicken-fry-jh/home,sites.google.com,False,False,False
malicious_site_301,malicious,301,https://sites.google.com/view/gtvamz500/home,sites.google.com,False,False,False
malicious_site_302,malicious,302,https://azoncodesgenerator.blogspot.com/,azoncodesgenerator.blogspot.com,False,False,False
malicious_site_303,malicious,303,https://shorturl.at/IF2WG,shorturl.at,True,False,False
malicious_site_304,malicious,304,https://web-powerhouse-deal.myshoplaza.com/,web-powerhouse-deal.myshoplaza.com,False,False,False
malicious_site_305,malicious,305,https://sites.google.com/view/the-perfect-pick-gift-card/home,sites.google.com,False,False,False
malicious_site_306,malicious,306,https://sites.google.com/view/doordashcplus/home,sites.google.com,False,False,False
malicious_site_307,malicious,307,https://sites.google.com/view/prostavar-ultra---tr-/home,sites.google.com,False,False,False
malicious_site_308,malicious,308,https://sites.google.com/view/amazon-delights-await/home,sites.google.com,False,False,False
malicious_site_309,malicious,309,https://snapto.link/giveaway,snapto.link,False,False,False
malicious_site_31,malicious,31,https://getfreebiestoday.com/,getfreebiestoday.com,False,False,False
malicious_site_310,malicious,310,https://sites.google.com/view/matcha-slim-itd/home,sites.google.com,False,False,False
malicious_site_311,malicious,311,https://appverification.net/cl/i/q9516,appverification.net,False,False,False
malicious_site_312,malicious,312,https://zoneet.com/b/free-amazon-gift-cards.html,zoneet.com,False,False,False
malicious_site_314,malicious,314,https://shorturl.at/hiwCD,shorturl.at,True,False,False
malicious_site_315,malicious,315,https://sites.google.com/view/the-gift-everyone-loves/home,sites.google.com,False,False,False
malicious_site_316,malicious,316,https://sites.google.com/view/gaeve/home,sites.google.com,False,False,False
malicious_site_317,malicious,317,https://sites.google.com/view/begin-met/home,sites.google.com,False,False,False
malicious_site_318,malicious,318,https://www.igmbuy.com/en/product/1300699.html,www.igmbuy.com,False,False,False
malicious_site_319,malicious,319,https://jobs-hub-us-aamazon-jobs.blogspot.com/,jobs-hub-us-aamazon-jobs.blogspot.com,False,False,False
malicious_site_32,malicious,32,https://sites.google.com/view/samples-get-it-/home,sites.google.com,False,False,False
malicious_site_321,malicious,321,https://sites.google.com/view/bijte/home,sites.google.com,False,False,False
malicious_site_322,malicious,322,https://sites.google.com/view/pg-gms-sta/home,sites.google.com,False,False,False
malicious_site_324,malicious,324,https://sites.google.com/view/merrni-kete-/home,sites.google.com,False,False,False
malicious_site_325,malicious,325,https://shorturl.at/OTSVv,shorturl.at,True,False,False
malicious_site_326,malicious,326,https://sites.google.com/view/koli-gift-card/home,sites.google.com,False,False,False
malicious_site_327,malicious,327,https://sites.google.com/view/jsress00/home,sites.google.com,False,False,False
malicious_site_328,malicious,328,https://sites.google.com/view/crashfree-new/home,sites.google.com,False,False,False
malicious_site_329,malicious,329,https://nologystore.com/en/categories/amazon-usa,nologystore.com,False,False,False
malicious_site_33,malicious,33,https://sites.google.com/view/amazon942/home,sites.google.com,False,False,False
malicious_site_330,malicious,330,https://maplemoney.com/free-amazon-gift-cards/,maplemoney.com,False,False,False
malicious_site_331,malicious,331,https://sites.google.com/view/ppgd-p/home,sites.google.com,False,False,False
malicious_site_332,malicious,332,https://sites.google.com/view/gift-card-galaxy-/home,sites.google.com,False,False,False
malicious_site_333,malicious,333,https://sites.google.com/view/sohids25s/home,sites.google.com,False,False,False
malicious_site_334,malicious,334,https://sites.google.com/view/oneplus-jh/home,sites.google.com,False,False,False
malicious_site_337,malicious,337,https://rewardwinnersurveys.com/winners/amazon-gift-card-100-dollar-sweepstakes,rewardwinnersurveys.com,False,False,False
malicious_site_338,malicious,338,https://proofferzonse.com/xbox_gift_card/,proofferzonse.com,False,False,False
malicious_site_339,malicious,339,https://sites.google.com/view/amazongcard1000/home,sites.google.com,False,False,False
malicious_site_340,malicious,340,https://sites.google.com/view/150-gift-card-/home,sites.google.com,False,False,False
malicious_site_341,malicious,341,https://forms.gle/ZucpZEkJBbVbAgiW8Linktree,forms.gle,False,False,False
malicious_site_342,malicious,342,https://sites.google.com/view/walmart100-usa/home,sites.google.com,False,False,False
malicious_site_343,malicious,343,https://smrturl.co/o/26703/53228925?s1=,smrturl.co,True,True,False
malicious_site_344,malicious,344,https://sites.google.com/view/temugiftcard123/home,sites.google.com,False,False,False
malicious_site_346,malicious,346,https://sites.google.com/view/motion-energy---gh/home,sites.google.com,False,False,False
malicious_site_347,malicious,347,https://sites.google.com/view/forkliftoperatorcplus-/home,sites.google.com,False,False,False
malicious_site_348,malicious,348,https://shorturl.at/Bp9S6,shorturl.at,True,False,False
malicious_site_349,malicious,349,https://sites.google.com/view/jmkgh6t/home,sites.google.com,False,False,False
malicious_site_35,malicious,35,https://sites.google.com/view/i-phone-pro-max-17-/home,sites.google.com,False,False,False
malicious_site_350,malicious,350,https://mrbestgiftscardss.com/,mrbestgiftscardss.com,False,False,False
malicious_site_351,malicious,351,https://sites.google.com/view/dgcjfojyrexvj/%E0%A6%B9%E0%A6%AE,sites.google.com,False,False,False
malicious_site_352,malicious,352,https://sites.google.com/view/forkit/home,sites.google.com,False,False,False
malicious_site_353,malicious,353,https://sites.google.com/view/registrati-nell/home,sites.google.com,False,False,False
malicious_site_354,malicious,354,https://firstopinion.online/Account/Index?aid=WO7H4FA,firstopinion.online,False,True,False
malicious_site_355,malicious,355,https://sites.google.com/view/smo12/home,sites.google.com,False,False,False
malicious_site_356,malicious,356,https://sites.google.com/view/amazon-gift-card-889/home,sites.google.com,False,False,False
malicious_site_357,malicious,357,https://sites.google.com/view/makemoney-online-job/home,sites.google.com,False,False,False
malicious_site_358,malicious,358,https://sites.google.com/view/giveaway-goldjh/home,sites.google.com,False,False,False
malicious_site_359,malicious,359,https://sites.google.com/view/iptw/home,sites.google.com,False,False,False
malicious_site_36,malicious,36,https://sites.google.com/view/o-caps---rs-jh/home,sites.google.com,False,False,False
malicious_site_360,malicious,360,https://sites.google.com/view/matcha-slim-jh/home,sites.google.com,False,False,False
malicious_site_361,malicious,361,https://www.hendryadrian.com/amazon-gift-card-email-hooks-microsoft-credentials/,www.hendryadrian.com,False,False,False
malicious_site_362,malicious,362,https://productsinformation64.blogspot.com/2024/12/scrambly-install-and-make-withdrawal.html,productsinformation64.blogspot.com,False,False,False
malicious_site_363,malicious,363,https://proofferzonse.com/brawal_gift_card/,proofferzonse.com,False,False,False
malicious_site_364,malicious,364,https://sites.google.com/view/asdefg02/home,sites.google.com,False,False,False
malicious_site_365,malicious,365,https://smrturl.co/o/26703/53206832?s1=,smrturl.co,True,True,False
malicious_site_366,malicious,366,https://goingfitunfit.com/100-amazon-spending-spree-or-paypal-cash/,goingfitunfit.com,False,False,False
malicious_site_368,malicious,368,https://cutt.ly/guard/jrhrgdCN,cutt.ly,True,False,False
malicious_site_369,malicious,369,https://sites.google.com/view/give-way--all-/home,sites.google.com,False,False,False
malicious_site_37,malicious,37,https://sites.google.com/view/vgcwq/home,sites.google.com,False,False,False
malicious_site_370,malicious,370,https://sites.google.com/view/app-gift-/home,sites.google.com,False,False,False
malicious_site_371,malicious,371,https://sites.google.com/view/weight-loss-hg/home,sites.google.com,False,False,False
malicious_site_372,malicious,372,https://appealassassins.com/,appealassassins.com,False,False,False
malicious_site_373,malicious,373,https://sites.google.com/view/targetjobscplus/home,sites.google.com,False,False,False
malicious_site_374,malicious,374,https://amazongiftcard4usa.weebly.com/,amazongiftcard4usa.weebly.com,False,False,False
malicious_site_375,malicious,375,https://sites.google.com/view/smart-sleek-samsung/home,sites.google.com,False,False,False
malicious_site_376,malicious,376,https://sites.google.com/view/dameundertoj/home,sites.google.com,False,False,False
malicious_site_377,malicious,377,https://sites.google.com/view/gift-card-central-/home,sites.google.com,False,False,False
malicious_site_378,malicious,378,https://sites.google.com/view/your-happy-card/home,sites.google.com,False,False,False
malicious_site_379,malicious,379,https://sites.google.com/view/bet-exclv-offer-/home,sites.google.com,False,False,False
malicious_site_38,malicious,38,https://sites.google.com/view/amazongclaim1/home,sites.google.com,False,False,False
malicious_site_380,malicious,380,https://sites.google.com/view/temu750-gcddttty/home,sites.google.com,False,False,False
malicious_site_381,malicious,381,https://bit.ly/3S9kRSd,bit.ly,True,False,False
malicious_site_382,malicious,382,https://proofferzonse.com/tiktok_gift_card/,proofferzonse.com,False,False,False
malicious_site_383,malicious,383,https://sites.google.com/view/giftcard250y/home,sites.google.com,False,False,False
malicious_site_384,malicious,384,https://productsinformation64.blogspot.com/2024/12/cashem-all-play-win.html,productsinformation64.blogspot.com,False,False,False
malicious_site_385,malicious,385,https://afmtrk.net/click?p=11691&o=6867,afmtrk.net,False,True,False
malicious_site_386,malicious,386,https://sites.google.com/view/paypalapp-/home,sites.google.com,False,False,False
malicious_site_387,malicious,387,https://sites.google.com/view/us-walmart100/home,sites.google.com,False,False,False
malicious_site_389,malicious,389,https://sites.google.com/view/www-iphoe-16-max-pro/home,sites.google.com,False,False,False
malicious_site_39,malicious,39,https://sites.google.com/view/giftcard23-24/home,sites.google.com,False,False,False
malicious_site_390,malicious,390,https://sites.google.com/view/pizza-love-extra-toppings/home,sites.google.com,False,False,False
malicious_site_391,malicious,391,https://sites.google.com/view/cashappusa750peopleglobal/home,sites.google.com,False,False,False
malicious_site_392,malicious,392,https://sites.google.com/view/belohnung-idealo-250/home,sites.google.com,False,False,False
malicious_site_393,malicious,393,https://ibanezblack.co.id/Amazon-com-USD-Gift-Card-c57895651,ibanezblack.co.id,False,False,False
malicious_site_394,malicious,394,https://sites.google.com/view/katebaote-to/home,sites.google.com,False,False,False
malicious_site_395,malicious,395,https://sites.google.com/view/serums-can-micro-/home,sites.google.com,False,False,False
malicious_site_396,malicious,396,https://www.dotcall.shop/,www.dotcall.shop,False,False,False
malicious_site_397,malicious,397,https://sites.google.com/view/gift-card015/home,sites.google.com,False,False,False
malicious_site_398,malicious,398,https://sites.google.com/view/get-cashmoor/home,sites.google.com,False,False,False
malicious_site_399,malicious,399,https://quality-products1.blogspot.com/search/label/Gift%20Card,quality-products1.blogspot.com,False,False,False
malicious_site_4,malicious,4,https://sites.google.com/view/sephora-store-design-750/home,sites.google.com,False,False,False
malicious_site_400,malicious,400,https://sites.google.com/view/gift-card-500-amazon/home,sites.google.com,False,False,False
malicious_site_401,malicious,401,https://sites.google.com/view/gca4-/home,sites.google.com,False,False,False
malicious_site_403,malicious,403,https://sites.google.com/view/the-anytime-gift/home,sites.google.com,False,False,False
malicious_site_404,malicious,404,https://sites.google.com/view/gskfshjdhdhod/home,sites.google.com,False,False,False
malicious_site_405,malicious,405,https://sites.google.com/view/playstation-5-now-/home,sites.google.com,False,False,False
malicious_site_406,malicious,406,https://soundcloud.com/mst-jharna-akhter-peara/get-unlock-free-amazon-gift-card-codes-2025-free-100-amazon-gift-cards,soundcloud.com,False,False,False
malicious_site_407,malicious,407,https://shorturl.at/huxG8,shorturl.at,True,False,False
malicious_site_408,malicious,408,https://shorturl.at/iptL2,shorturl.at,True,False,False
malicious_site_409,malicious,409,https://shorturl.at/dgy68,shorturl.at,True,False,False
malicious_site_41,malicious,41,https://joykali.com/claim-your-free-wendys-sample/,joykali.com,False,False,False
malicious_site_411,malicious,411,https://productsinformation64.blogspot.com/2024/12/install-tiktok-app.html,productsinformation64.blogspot.com,False,False,False
malicious_site_413,malicious,413,https://sites.google.com/view/norton-vpn01/home,sites.google.com,False,False,False
malicious_site_414,malicious,414,https://sites.google.com/view/samsungapp/home,sites.google.com,False,False,False
malicious_site_415,malicious,415,https://sites.google.com/view/samsung25gift/home,sites.google.com,False,False,False
malicious_site_416,malicious,416,https://sites.google.com/view/amazon-for-the-win/home,sites.google.com,False,False,False
malicious_site_418,malicious,418,https://offer.tcpfast.com/1000-amazon-gift-card/,offer.tcpfast.com,False,False,False
malicious_site_419,malicious,419,https://sites.google.com/view/see-if/home,sites.google.com,False,False,False
malicious_site_420,malicious,420,https://sites.google.com/view/phone-015/home,sites.google.com,False,False,False
malicious_site_421,malicious,421,https://sites.google.com/view/sekarang-fi/home,sites.google.com,False,False,False
malicious_site_422,malicious,422,https://sites.google.com/view/good-deal-of-/home,sites.google.com,False,False,False
malicious_site_423,malicious,423,https://www.freeflys.com/free-samples/free-1000-amazon-cards-from-the-bump/,www.freeflys.com,False,False,False
malicious_site_424,malicious,424,https://sites.google.com/view/hgjf56tfgh/home,sites.google.com,False,False,False
malicious_site_425,malicious,425,https://sites.google.com/view/gct5/home,sites.google.com,False,False,False
malicious_site_426,malicious,426,https://sites.google.com/view/surveytomake750toamazon/home,sites.google.com,False,False,False
malicious_site_428,malicious,428,https://amazongiftcardtc.weebly.com/,amazongiftcardtc.weebly.com,False,False,False
malicious_site_429,malicious,429,https://shorturl.at/cfuAL,shorturl.at,True,False,False
malicious_site_43,malicious,43,https://worldcraftlogistics.com/can-you-use-paypal-on-amazon,worldcraftlogistics.com,False,False,False
malicious_site_430,malicious,430,https://sites.google.com/view/cashblessing/home,sites.google.com,False,False,False
malicious_site_431,malicious,431,https://sites.google.com/view/matcha-slimjh/home,sites.google.com,False,False,False
malicious_site_433,malicious,433,https://offerzone-7.blogspot.com/2019/11/iphone-x-how-do-you-own-us.html,offerzone-7.blogspot.com,False,False,False
malicious_site_434,malicious,434,https://giftcardbank1.tumblr.com/,giftcardbank1.tumblr.com,False,False,False
malicious_site_435,malicious,435,https://glitchy.go2cloud.org/aff_c?offer_id=144,glitchy.go2cloud.org,False,True,True
malicious_site_436,malicious,436,https://sites.google.com/view/hgcyn/home,sites.google.com,False,False,False
malicious_site_437,malicious,437,https://ul.ink/VH3M6-PSGNXW_t,ul.ink,False,False,False
malicious_site_438,malicious,438,https://sites.google.com/view/kohls-giftscard/home,sites.google.com,False,False,False
malicious_site_439,malicious,439,https://sites.google.com/view/agc32/home,sites.google.com,False,False,False
malicious_site_44,malicious,44,https://sites.google.com/view/amazon-gif-1000/home,sites.google.com,False,False,False
malicious_site_440,malicious,440,https://sites.google.com/view/giftcard-jh/home,sites.google.com,False,False,False
malicious_site_442,malicious,442,https://rewardcratezone.blogspot.com/2025/06/steam-wallet-code-generator-instant.html?m=1,rewardcratezone.blogspot.com,False,True,False
malicious_site_443,malicious,443,https://sites.google.com/view/visa-gift-card-jh/home,sites.google.com,False,False,False
malicious_site_444,malicious,444,https://shorturl.at/3tkM4,shorturl.at,True,False,False
malicious_site_445,malicious,445,https://shorturl.at/csY37,shorturl.at,True,False,False
malicious_site_446,malicious,446,https://sites.google.com/view/asderrt/home,sites.google.com,False,False,False
malicious_site_447,malicious,447,https://amazongiftcardgiveawaynews.quora.com/Your-daily-routine-can-earn-you-a-free-Amazon-gift-card-While-it-may-seem-too-good-to-be-true-there-are-legitimate-way,amazongiftcardgiveawaynews.quora.com,False,False,False
malicious_site_449,malicious,449,https://hubverify.com/cl/?o=634e2b8b2fe12,hubverify.com,False,True,False
malicious_site_45,malicious,45,https://sites.google.com/view/50the-perfect-gift/home,sites.google.com,False,False,False
malicious_site_451,malicious,451,https://shorturl.at/zKN45,shorturl.at,True,False,False
malicious_site_452,malicious,452,https://sites.google.com/view/spwa100/home,sites.google.com,False,False,False
malicious_site_453,malicious,453,https://shorturl.at/MPVY1,shorturl.at,True,False,False
malicious_site_454,malicious,454,https://sites.google.com/view/amz1000gift/home,sites.google.com,False,False,False
malicious_site_455,malicious,455,https://sites.google.com/view/exclusiveremotejoboffersapplyn/home,sites.google.com,False,False,False
malicious_site_456,malicious,456,https://giftcards24.xyz/,giftcards24.xyz,False,False,False
malicious_site_457,malicious,457,https://shorturl.at/hrIlH,shorturl.at,True,False,False
malicious_site_458,malicious,458,https://sites.google.com/view/veniselle-jh/home,sites.google.com,False,False,False
malicious_site_459,malicious,459,https://www.dailyinfo247.com/amazon-hiring-work-from-home-jobs-go-ai-associate-hyderabad/,www.dailyinfo247.com,False,False,False
malicious_site_46,malicious,46,https://sites.google.com/view/smg-glxy-s24/home,sites.google.com,False,False,False
malicious_site_460,malicious,460,https://sites.google.com/view/papra/home,sites.google.com,False,False,False
malicious_site_461,malicious,461,https://shorturl.at/agjz9,shorturl.at,True,False,False
malicious_site_462,malicious,462,https://sites.google.com/view/protected-jh/home,sites.google.com,False,False,False
malicious_site_463,malicious,463,https://www.figma.com/community/file/1141132471814165602/amazon-500-gift-card-community,www.figma.com,False,False,False
malicious_site_464,malicious,464,https://sites.google.com/view/gcvw/home,sites.google.com,False,False,False
malicious_site_465,malicious,465,https://innosince2021.mysellauth.com/,innosince2021.mysellauth.com,False,False,False
malicious_site_466,malicious,466,https://sites.google.com/view/amazon219/home,sites.google.com,False,False,False
malicious_site_467,malicious,467,https://sites.google.com/view/gift-box026/home,sites.google.com,False,False,False
malicious_site_468,malicious,468,https://shorturl.at/EitXg,shorturl.at,True,False,False
malicious_site_469,malicious,469,https://sites.google.com/view/firegrill-burger/home,sites.google.com,False,False,False
malicious_site_470,malicious,470,https://sites.google.com/view/freeiphoneusar,sites.google.com,False,False,False
malicious_site_471,malicious,471,https://joykali.com/how-to-win-a-free-jersey-mikes-meal-easy-steps-to-enter/,joykali.com,False,False,False
malicious_site_472,malicious,472,https://afmtrk.net/click?p=11691&o=4835,afmtrk.net,False,True,False
malicious_site_473,malicious,473,https://a1performanceautorepair.com/auto-service-win-50-amazon-gift-card/,a1performanceautorepair.com,False,False,False
malicious_site_475,malicious,475,https://sites.google.com/view/oneplus-11-jh/home,sites.google.com,False,False,False
malicious_site_476,malicious,476,https://sites.google.com/view/aamzngftcd/home,sites.google.com,False,False,False
malicious_site_477,malicious,477,https://sites.google.com/view/get-all-one-gift-card/home,sites.google.com,False,False,False
malicious_site_478,malicious,478,https://offervault1234.blogspot.com/,offervault1234.blogspot.com,False,False,False
malicious_site_479,malicious,479,https://onlineincomestudio.gr-site.com/,onlineincomestudio.gr-site.com,False,False,False
malicious_site_48,malicious,48,https://sites.google.com/view/gct2/home,sites.google.com,False,False,False
malicious_site_480,malicious,480,https://www.tngovjobs.in/amazon-off-campus-drive-2025-device-associate-i-post-apply-now/,www.tngovjobs.in,False,False,False
malicious_site_481,malicious,481,https://sites.google.com/view/tik-tok-001/home,sites.google.com,False,False,False
malicious_site_482,malicious,482,https://firstopinion.online/Account/Index?aid=6BA9Z0Y,firstopinion.online,False,True,False
malicious_site_483,malicious,483,https://surl.li/dghszp,surl.li,True,False,False
malicious_site_484,malicious,484,https://surl.li/lapmbj,surl.li,True,False,False
malicious_site_485,malicious,485,https://shorturl.at/G1RKO,shorturl.at,True,False,False
malicious_site_486,malicious,486,https://mmgift8.com/,mmgift8.com,False,False,False
malicious_site_488,malicious,488,https://sites.google.com/view/carnelooalvarezz2022/home,sites.google.com,False,False,False
malicious_site_489,malicious,489,https://sites.google.com/view/aldigiftcard1235/home,sites.google.com,False,False,False
malicious_site_490,malicious,490,https://sites.google.com/view/pvdr/home,sites.google.com,False,False,False
malicious_site_491,malicious,491,https://sites.google.com/view/gifting-made-easy/home,sites.google.com,False,False,False
malicious_site_492,malicious,492,https://11giftcardamazon.weebly.com/,11giftcardamazon.weebly.com,False,False,False
malicious_site_493,malicious,493,https://sites.google.com/view/amgica/home,sites.google.com,False,False,False
malicious_site_494,malicious,494,https://sites.google.com/view/iphoned-to/home,sites.google.com,False,False,False
malicious_site_495,malicious,495,https://sites.google.com/view/ghj65ftgh/home,sites.google.com,False,False,False
malicious_site_496,malicious,496,https://sites.google.com/view/giftcard-walmart100/home,sites.google.com,False,False,False
malicious_site_497,malicious,497,https://sites.google.com/view/primevideo25/home,sites.google.com,False,False,False
malicious_site_498,malicious,498,https://sites.google.com/view/wingstop35/home,sites.google.com,False,False,False
malicious_site_499,malicious,499,https://sites.google.com/view/dfdgdg002/home,sites.google.com,False,False,False
malicious_site_5,malicious,5,https://sites.google.com/view/hiringnearyou-dollargeneralcpl/home,sites.google.com,False,False,False
malicious_site_50,malicious,50,https://sites.google.com/view/collezione-audio-/home,sites.google.com,False,False,False
malicious_site_500,malicious,500,https://sites.google.com/view/kellyjob025/home,sites.google.com,False,False,False
malicious_site_51,malicious,51,https://sites.google.com/view/motion-energyjh/home,sites.google.com,False,False,False
malicious_site_52,malicious,52,https://sites.google.com/view/warehouse-worker-cpl-us/home,sites.google.com,False,False,False
malicious_site_53,malicious,53,https://sites.google.com/view/gh65fgy/home,sites.google.com,False,False,False
malicious_site_54,malicious,54,https://sites.google.com/view/amz500gtv/home,sites.google.com,False,False,False
malicious_site_55,malicious,55,https://sites.google.com/view/continutul-dvs/home,sites.google.com,False,False,False
malicious_site_56,malicious,56,https://smrturl.co/o/26703/53273195?s1=,smrturl.co,True,True,False
malicious_site_57,malicious,57,https://rewardwinnersurveys.com/,rewardwinnersurveys.com,False,False,False
malicious_site_58,malicious,58,https://www.electronicajaponesa.com/nwegs.php?cygj=zcjb53660136&cid=21&m=2&g=16,www.electronicajaponesa.com,False,True,False
malicious_site_59,malicious,59,https://amazonappealletter.com/,amazonappealletter.com,False,False,False
malicious_site_6,malicious,6,https://sites.google.com/view/gtgc1/home,sites.google.com,False,False,False
malicious_site_60,malicious,60,https://sites.google.com/view/khcutdeaufkb/%E0%A6%B9%E0%A6%AE,sites.google.com,False,False,False
malicious_site_61,malicious,61,https://sites.google.com/view/amazon-jgh/home,sites.google.com,False,False,False
malicious_site_62,malicious,62,https://sites.google.com/view/double-trouble-patty/home,sites.google.com,False,False,False
malicious_site_63,malicious,63,https://soundcloud.com/martha-prill/claim-your-100-amazon-gift-card-free-no-purchase-needed,soundcloud.com,False,False,False
malicious_site_64,malicious,64,https://sites.google.com/view/matchs94/home,sites.google.com,False,False,False
malicious_site_65,malicious,65,https://www.data-medics.com/forum/threads/limited-time-free-amazon-gift-card-codes-without-surveys-2025-free-amazon-gift-card-promo-code.52668/,www.data-medics.com,False,False,False
malicious_site_66,malicious,66,https://sites.google.com/view/iphone-16pro-h/home,sites.google.com,False,False,False
malicious_site_67,malicious,67,https://sites.google.com/view/walmartjobscplus/home,sites.google.com,False,False,False
malicious_site_68,malicious,68,https://sites.google.com/view/become-a-millionaire-hj/home,sites.google.com,False,False,False
malicious_site_69,malicious,69,https://sites.google.com/view/sarprice503/home,sites.google.com,False,False,False
malicious_site_7,malicious,7,https://sites.google.com/view/wender79/home,sites.google.com,False,False,False
malicious_site_70,malicious,70,https://sites.google.com/view/ha3w/home,sites.google.com,False,False,False
malicious_site_72,malicious,72,https://sites.google.com/view/walmartjob001/home,sites.google.com,False,False,False
malicious_site_73,malicious,73,https://btadeal.com/al6g2x/,btadeal.com,False,False,False
malicious_site_74,malicious,74,https://sites.google.com/view/samsung-galaxy-s25-jh/home,sites.google.com,False,False,False
malicious_site_75,malicious,75,https://tuyifedami.com/,tuyifedami.com,False,False,False
malicious_site_76,malicious,76,https://sites.google.com/view/mobile-phone-world/home,sites.google.com,False,False,False
malicious_site_78,malicious,78,https://surl.li/epgepx,surl.li,True,False,False
malicious_site_79,malicious,79,https://sites.google.com/view/agc5/home,sites.google.com,False,False,False
malicious_site_8,malicious,8,https://www.4peppernorth.club/,www.4peppernorth.club,False,False,False
malicious_site_81,malicious,81,https://sites.google.com/view/amazon-giftjh/home,sites.google.com,False,False,False
malicious_site_82,malicious,82,https://sites.google.com/view/claim-your-jh/home,sites.google.com,False,False,False
malicious_site_83,malicious,83,https://www.encurtador.dev/redirecionamento/6cvmN,www.encurtador.dev,False,False,False
malicious_site_84,malicious,84,https://sites.google.com/view/100--amazon-gift-card/home,sites.google.com,False,False,False
malicious_site_87,malicious,87,https://sites.google.com/view/asda00/home,sites.google.com,False,False,False
malicious_site_88,malicious,88,https://sites.google.com/view/seethe-samples/home,sites.google.com,False,False,False
malicious_site_89,malicious,89,https://hackolo.com/get-free-amazon-gift-card-codes-no-software-needed/,hackolo.com,False,False,False
malicious_site_9,malicious,9,https://shorturl.at/w7yeY,shorturl.at,True,False,False
malicious_site_90,malicious,90,https://soundcloud.com/free-amazon-gift-card-codes/best-apps-to-get-free-amazon-gift-cards-in-2025,soundcloud.com,False,False,False
malicious_site_91,malicious,91,https://sites.google.com/view/agv1/home,sites.google.com,False,False,False
malicious_site_92,malicious,92,https://sites.google.com/view/amazon-magic-in-a-gift-card/home,sites.google.com,False,False,False
malicious_site_93,malicious,93,https://shorturl.at/bjqxX,shorturl.at,True,False,False
malicious_site_95,malicious,95,https://afmtrk.net/click?p=11691&o=4762,afmtrk.net,False,True,False
malicious_site_96,malicious,96,https://sites.google.com/view/amazon-job-offers-02/home,sites.google.com,False,False,False
malicious_site_97,malicious,97,https://sites.google.com/view/towards-box/home,sites.google.com,False,False,False
malicious_site_98,malicious,98,https://sites.google.com/view/game-rewards-/home,sites.google.com,False,False,False
malicious_site_99,malicious,99,https://www.fermalife.com/winner,www.fermalife.com,False,False,False
